City_ID,City,Country,Date,Lat,Lng,Max Temp,Humidity,Cloudiness,Wind Speed
0,Taltal,CL,2021-05-26 19:43:56,-25.4,-70.4833,67.84,64,100,1.79
1,Jamestown,US,2021-05-26 19:40:29,42.097,-79.2353,68.07,91,90,5.01
2,Airai,TL,2021-05-26 19:43:56,-8.9266,125.4092,55.62,88,31,3.98
3,Ushuaia,AR,2021-05-26 19:41:30,-54.8,-68.3,31.66,86,75,17.27
4,Albany,US,2021-05-26 19:43:27,42.6001,-73.9662,90.91,46,36,1.01
5,Busselton,AU,2021-05-26 19:43:57,-33.65,115.3333,50.04,66,59,13.62
6,San Patricio,US,2021-05-26 19:43:57,28.017,-97.5169,90.01,64,54,15.82
7,Severo-Kurilsk,RU,2021-05-26 19:43:57,50.6789,156.125,37.98,98,100,13.85
8,Nanortalik,GL,2021-05-26 19:43:58,60.1432,-45.2371,35.22,98,100,6.78
9,Provideniya,RU,2021-05-26 19:43:58,64.3833,-173.3,44.71,57,0,17.9
10,Contamana,PE,2021-05-26 19:43:58,-7.3333,-75.0167,86.54,58,87,3.71
11,Port Alfred,ZA,2021-05-26 19:43:59,-33.5906,26.891,60.42,75,79,4.7
12,Hermanus,ZA,2021-05-26 19:43:16,-34.4187,19.2345,59.9,81,100,2.39
13,Hofn,IS,2021-05-26 19:43:59,64.2539,-15.2082,44.62,70,40,13.8
14,Hithadhoo,MV,2021-05-26 19:44:00,-0.6,73.0833,84.2,69,100,21.16
15,Nikolskoye,RU,2021-05-26 19:44:00,59.7035,30.7861,47.39,96,44,4.72
16,Saint-Philippe,RE,2021-05-26 19:44:01,-21.3585,55.7679,71.19,83,38,1.3
17,Mataura,NZ,2021-05-26 19:44:01,-46.1927,168.8643,34.11,82,82,3.38
18,Nyurba,RU,2021-05-26 19:44:02,63.2842,118.3319,47.52,75,57,4.36
19,Husavik,IS,2021-05-26 19:44:02,66.0449,-17.3389,57.11,64,89,2.17
20,Mbanza-Ngungu,CD,2021-05-26 19:44:03,-5.25,14.8667,70.29,65,64,1.1
21,Santa Cruz,BO,2021-05-26 19:42:58,-17.8,-63.1667,82.45,54,75,10.36
22,Nishihara,JP,2021-05-26 19:44:04,26.1842,127.7558,80.26,94,20,17.38
23,Vaini,TO,2021-05-26 19:44:04,-21.2,-175.2,66.36,94,40,2.3
24,Fortuna,US,2021-05-26 19:44:05,40.5982,-124.1573,72.43,84,75,3.0
25,Kodiak,US,2021-05-26 19:44:05,57.79,-152.4072,53.11,58,1,5.75
26,Sao Joao Da Barra,BR,2021-05-26 19:44:06,-21.6403,-41.0511,77.09,75,62,11.61
27,Barrow,US,2021-05-26 19:44:06,71.2906,-156.7887,32.02,86,90,13.8
28,Vanimo,PG,2021-05-26 19:44:07,-2.6741,141.3028,77.54,88,100,5.06
29,Mahebourg,MU,2021-05-26 19:44:07,-20.4081,57.7,73.69,94,75,3.44
30,Hambantota,LK,2021-05-26 19:44:08,6.1241,81.1185,80.13,81,92,23.31
31,New Norfolk,AU,2021-05-26 19:44:08,-42.7826,147.0587,47.7,62,62,3.0
32,Bluff,NZ,2021-05-26 19:41:45,-46.6,168.3333,41.83,84,89,11.41
33,Anloga,GH,2021-05-26 19:44:09,5.7947,0.8973,84.42,83,18,15.59
34,Komsomolskiy,UZ,2021-05-26 19:44:09,40.4272,71.7189,69.22,36,64,4.7
35,Hasaki,JP,2021-05-26 19:44:10,35.7333,140.8333,63.28,80,100,1.25
36,Haines Junction,CA,2021-05-26 19:44:10,60.7522,-137.5108,55.35,41,100,6.91
37,Aswan,EG,2021-05-26 19:44:10,24.0934,32.907,90.16,11,2,9.69
38,Berdigestyakh,RU,2021-05-26 19:44:11,62.0989,126.6992,50.23,66,99,2.84
39,Codrington,AU,2021-05-26 19:44:11,-38.2667,141.9667,52.43,84,46,13.8
40,Redmond,US,2021-05-26 19:43:29,47.674,-122.1215,66.29,56,93,1.01
41,Itaituba,BR,2021-05-26 19:44:12,-4.2761,-55.9836,96.96,49,40,11.5
42,Iqaluit,CA,2021-05-26 19:44:12,63.7506,-68.5145,31.73,74,75,8.01
43,Faanui,PF,2021-05-26 19:44:12,-16.4833,-151.75,81.41,73,34,13.87
44,Ambilobe,MG,2021-05-26 19:44:13,-13.2,49.05,68.88,88,1,2.66
45,Upernavik,GL,2021-05-26 19:44:13,72.7868,-56.1549,33.04,88,100,11.95
46,Lavrentiya,RU,2021-05-26 19:44:13,65.5833,-171.0,36.16,75,5,12.55
47,Lata,PT,2021-05-26 19:44:14,40.1629,-8.3327,63.36,77,99,3.29
48,Pevek,RU,2021-05-26 19:44:14,69.7008,170.3133,30.54,80,3,1.1
49,Rikitea,PF,2021-05-26 19:44:14,-23.1203,-134.9692,76.48,71,82,21.47
50,Nogliki,RU,2021-05-26 19:44:14,51.8333,143.1667,36.48,73,58,7.63
51,Gravdal,NO,2021-05-26 19:44:15,68.1214,13.5031,49.68,76,20,17.27
52,Tasiilaq,GL,2021-05-26 19:44:15,65.6145,-37.6368,41.16,90,100,33.38
53,Bubaque,GW,2021-05-26 19:44:15,11.2833,-15.8333,78.37,76,68,15.99
54,Bhatapara,IN,2021-05-26 19:44:16,21.7333,81.9333,84.11,56,100,5.3
55,Touros,BR,2021-05-26 19:44:16,-5.1989,-35.4608,85.1,76,24,17.43
56,Rincon,US,2021-05-26 19:44:16,32.296,-81.2354,93.65,41,40,1.01
57,Cherskiy,RU,2021-05-26 19:44:17,68.75,161.3,54.81,38,91,4.25
58,Nemuro,JP,2021-05-26 19:44:17,43.3236,145.575,45.18,78,1,10.36
59,Charters Towers,AU,2021-05-26 19:44:17,-20.1,146.2667,58.01,89,0,3.27
60,Ponta Do Sol,PT,2021-05-26 19:44:18,32.6667,-17.1,68.72,73,90,4.68
61,Castro,BR,2021-05-26 19:41:30,-24.7911,-50.0119,59.94,66,92,0.65
62,Carnarvon,AU,2021-05-26 19:44:18,-24.8667,113.6333,59.07,63,52,8.05
63,Ghugus,IN,2021-05-26 19:44:19,19.9333,79.1333,93.09,28,100,7.25
64,Naryan-Mar,RU,2021-05-26 19:44:19,67.6713,53.087,35.94,76,78,10.71
65,Kungurtug,RU,2021-05-26 19:44:19,50.5994,97.5228,38.35,93,20,1.88
66,Khatanga,RU,2021-05-26 19:44:20,71.9667,102.5,23.25,97,56,9.33
67,Kenai,US,2021-05-26 19:39:47,60.5544,-151.2583,65.03,59,1,14.97
68,Sistranda,NO,2021-05-26 19:44:20,63.7256,8.834,57.16,86,5,24.7
69,Yellowknife,CA,2021-05-26 19:43:28,62.456,-114.3525,53.33,29,75,1.99
70,Okhotsk,RU,2021-05-26 19:44:21,59.3833,143.3,38.55,86,96,4.74
71,Tuatapere,NZ,2021-05-26 19:44:21,-46.1333,167.6833,43.07,86,100,8.28
72,Forest Grove,US,2021-05-26 19:44:21,45.5198,-123.1107,70.75,57,40,5.01
73,Atuona,PF,2021-05-26 19:44:22,-9.8,-139.0333,78.28,77,83,11.05
74,Zabid,YE,2021-05-26 19:44:22,14.1951,43.3152,91.81,45,27,5.03
75,Dingle,PH,2021-05-26 19:44:23,10.9995,122.6711,77.76,87,40,3.74
76,Manggar,ID,2021-05-26 19:44:23,-2.8833,108.2667,82.67,79,62,8.39
77,Lasa,IT,2021-05-26 19:44:24,46.6166,10.7002,61.68,97,79,3.8
78,Kapaa,US,2021-05-26 19:44:24,22.0752,-159.319,81.12,75,75,1.99
79,Portland,US,2021-05-26 19:42:43,45.5234,-122.6762,71.11,54,75,1.99
80,Olinda,BR,2021-05-26 19:44:25,-8.0089,-34.8553,80.33,65,75,14.76
81,Tenenkou,ML,2021-05-26 19:44:25,14.4572,-4.9169,91.02,36,92,6.78
82,Smidovich,RU,2021-05-26 19:44:25,48.6,133.8167,39.45,85,33,10.16
83,Krasnoselkup,RU,2021-05-26 19:44:26,65.7,82.4667,27.9,78,96,11.07
84,Port-Cartier,CA,2021-05-26 19:44:26,50.0334,-66.8654,44.92,97,100,7.9
85,Kruisfontein,ZA,2021-05-26 19:44:27,-34.0033,24.7314,52.88,82,100,5.01
86,Tigil,RU,2021-05-26 19:44:27,57.8,158.6667,41.5,56,72,6.31
87,Leningradskaya,RU,2021-05-26 19:44:28,46.3214,39.3877,63.81,60,67,4.59
88,Katobu,ID,2021-05-26 19:44:28,-4.9408,122.5276,75.52,94,79,5.41
89,Oistins,BB,2021-05-26 19:43:47,13.0667,-59.5333,84.29,65,75,17.27
90,Miraflores,MX,2021-05-26 19:44:29,19.2167,-98.8083,75.96,31,100,2.08
91,Bobrovka,RU,2021-05-26 19:44:29,54.047,61.7455,57.85,46,89,10.76
92,Georgetown,MY,2021-05-26 19:44:29,5.4112,100.3354,82.33,93,20,1.99
93,Luderitz,NA,2021-05-26 19:44:30,-26.6481,15.1594,62.71,73,34,6.91
94,Mao,ES,2021-05-26 19:44:30,39.8885,4.2658,63.16,67,0,4.61
95,Port Hardy,CA,2021-05-26 19:44:30,50.6996,-127.4199,51.98,66,90,17.27
96,Cayenne,GF,2021-05-26 19:44:31,4.9333,-52.3333,78.84,88,75,1.99
97,Puerto Ayora,EC,2021-05-26 19:44:31,-0.7393,-90.3518,82.36,88,40,5.99
98,Buchanan,LR,2021-05-26 19:44:31,5.8808,-10.0467,80.56,83,96,7.38
99,Dikson,RU,2021-05-26 19:43:47,73.5069,80.5464,25.75,95,100,13.18
100,Brae,GB,2021-05-26 19:44:32,60.3964,-1.353,48.11,87,100,18.7
101,Vardo,NO,2021-05-26 19:44:33,70.3705,31.1107,39.4,70,75,8.05
102,Mahon,ES,2021-05-26 19:44:33,39.8885,4.2658,63.16,67,0,4.61
103,Bengkulu,ID,2021-05-26 19:44:33,-3.8004,102.2655,77.34,81,100,4.61
104,Malindi,KE,2021-05-26 19:44:34,-3.2175,40.1191,80.76,78,20,23.02
105,Klaksvik,FO,2021-05-26 19:44:34,62.2266,-6.589,47.32,76,100,18.45
106,Poum,NC,2021-05-26 19:44:34,-20.2333,164.0167,71.38,67,68,14.63
107,Byron Bay,AU,2021-05-26 19:44:34,-28.65,153.6167,58.89,76,17,12.3
108,Sivaki,RU,2021-05-26 19:44:35,52.6333,126.75,41.05,81,99,3.62
109,Shimoda,JP,2021-05-26 19:44:35,34.6667,138.95,64.11,81,100,6.46
110,Odessa,UA,2021-05-26 19:44:36,46.4775,30.7326,57.13,100,0,4.47
111,Pozo Colorado,PY,2021-05-26 19:44:36,-23.4923,-58.7972,82.85,31,87,2.42
112,Prince Rupert,CA,2021-05-26 19:44:37,54.3161,-130.3201,47.89,90,90,3.44
113,Ribeira Grande,PT,2021-05-26 19:44:37,38.5167,-28.7,63.0,59,40,4.61
114,Vao,NC,2021-05-26 19:44:37,-22.6667,167.4833,71.83,67,14,10.76
115,Arraial Do Cabo,BR,2021-05-26 19:44:02,-22.9661,-42.0278,75.16,69,0,6.91
116,Punta Arenas,CL,2021-05-26 19:39:45,-53.15,-70.9167,39.31,65,40,17.4
117,Bethel,US,2021-05-26 19:42:09,41.3712,-73.414,90.01,59,1,3.0
118,Sabang,ID,2021-05-26 19:44:38,5.8933,95.3214,81.91,81,97,24.18
119,Rio Do Sul,BR,2021-05-26 19:41:07,-27.2142,-49.6431,66.38,61,0,0.85
120,Anadyr,RU,2021-05-26 19:44:38,64.75,177.4833,50.5,34,0,9.55
121,Cabo San Lucas,MX,2021-05-26 19:44:39,22.8909,-109.9124,100.51,43,100,12.19
122,Jiexiu,CN,2021-05-26 19:44:39,37.0244,111.9125,61.72,28,0,6.55
123,Omboue,GA,2021-05-26 19:44:40,-1.5746,9.2618,77.59,91,100,8.16
124,Bandarbeyla,SO,2021-05-26 19:44:40,9.4942,50.8122,79.41,81,46,28.92
125,Itarema,BR,2021-05-26 19:44:40,-2.9248,-39.9167,81.16,75,6,13.47
126,Havoysund,NO,2021-05-26 19:44:41,70.9963,24.6622,41.88,69,36,7.56
127,Kyshtovka,RU,2021-05-26 19:44:41,56.555,76.6271,61.39,82,90,13.09
128,East London,ZA,2021-05-26 19:44:41,-33.0153,27.9116,65.43,75,89,0.56
129,Butaritari,KI,2021-05-26 19:44:42,3.0707,172.7902,83.23,79,68,20.27
130,Garowe,SO,2021-05-26 19:44:42,8.4054,48.4845,78.8,57,37,21.68
131,Boddam,GB,2021-05-26 19:44:43,57.4667,-1.7833,50.38,93,75,13.56
132,Constitucion,CL,2021-05-26 19:44:44,-35.3333,-72.4167,63.48,72,51,11.7
133,Conceicao Da Barra,BR,2021-05-26 19:44:44,-18.5933,-39.7322,74.84,80,49,5.41
134,Portoferraio,IT,2021-05-26 19:44:44,42.8115,10.3146,62.96,70,25,7.47
135,Labuhan,ID,2021-05-26 19:44:45,-6.8844,112.2051,78.82,86,61,9.64
136,Narrabri,AU,2021-05-26 19:44:45,-30.3167,149.7833,39.52,87,0,5.75
137,Bambous Virieux,MU,2021-05-26 19:44:34,-20.3428,57.7575,73.65,94,75,5.28
138,Shingu,JP,2021-05-26 19:44:47,33.7333,135.9833,60.91,96,100,8.3
139,Cordoba,AR,2021-05-26 19:43:25,-31.4135,-64.1811,76.05,29,0,2.01
140,Labuan,MY,2021-05-26 19:44:47,5.2767,115.2417,79.16,94,20,0.0
141,Thompson,CA,2021-05-26 19:44:48,55.7435,-97.8558,33.96,51,40,6.91
142,Naze,JP,2021-05-26 19:44:49,28.3667,129.4833,76.53,90,84,22.28
143,Kudahuvadhoo,MV,2021-05-26 19:44:49,2.6708,72.8944,83.68,75,100,22.77
144,Auki,SB,2021-05-26 19:44:49,-8.7676,160.7034,76.57,84,100,11.59
145,Dwarka,IN,2021-05-26 19:44:50,22.2394,68.9678,84.49,77,72,17.47
146,Torbay,CA,2021-05-26 19:44:10,47.6666,-52.7314,49.75,92,90,5.75
147,Hilo,US,2021-05-26 19:44:50,19.7297,-155.09,80.11,66,1,0.0
148,Grand Gaube,MU,2021-05-26 19:44:51,-20.0064,57.6608,73.8,79,4,1.01
149,Muravlenko,RU,2021-05-26 19:44:51,63.7898,74.523,42.87,41,100,22.46
150,Cape Town,ZA,2021-05-26 19:43:24,-33.9258,18.4232,60.12,82,0,1.7
151,Grindavik,IS,2021-05-26 19:44:52,63.8424,-22.4338,51.75,76,75,31.61
152,Point Fortin,TT,2021-05-26 19:41:59,10.1833,-61.6833,86.14,71,99,5.68
153,Edson,CA,2021-05-26 19:43:01,53.5835,-116.4356,60.94,51,100,8.05
154,Chuy,UY,2021-05-26 19:43:59,-33.6971,-53.4616,58.3,68,68,7.07
155,Memmingen,DE,2021-05-26 19:44:52,47.9837,10.1853,53.73,93,90,10.36
156,Port Lincoln,AU,2021-05-26 19:44:53,-34.7333,135.8667,56.3,76,4,5.19
157,Cidreira,BR,2021-05-26 19:44:53,-30.1811,-50.2056,63.82,61,0,3.24
158,Lorengau,PG,2021-05-26 19:44:53,-2.0226,147.2712,79.11,85,99,6.91
159,Carballo,ES,2021-05-26 19:44:54,43.213,-8.691,66.07,88,70,3.44
160,Gallipoli,TR,2021-05-26 19:44:54,40.4103,26.6708,66.06,83,100,15.3
161,Necochea,AR,2021-05-26 19:44:54,-38.5473,-58.7368,62.04,59,96,17.85
162,Seminole,US,2021-05-26 19:44:55,28.7086,-81.2081,95.41,37,40,1.99
163,Esperance,AU,2021-05-26 19:44:55,-33.8667,121.9,53.44,62,100,15.01
164,Sinegorye,RU,2021-05-26 19:44:56,62.0788,150.477,38.25,89,100,6.02
165,Sosnogorsk,RU,2021-05-26 19:44:56,63.6023,53.8817,35.62,60,34,5.19
166,Medina Del Campo,ES,2021-05-26 19:44:56,41.3124,-4.9141,69.4,51,49,8.43
167,Avarua,CK,2021-05-26 19:44:57,-21.2078,-159.775,80.65,83,75,6.91
168,Parola,IN,2021-05-26 19:44:57,20.8833,75.1167,85.68,47,97,11.7
169,Leningradskiy,RU,2021-05-26 19:44:57,69.3833,178.4167,32.4,82,42,7.29
170,Pathein,MM,2021-05-26 19:44:58,16.7833,94.7333,78.78,91,86,4.63
171,Neringa,LT,2021-05-26 19:44:58,55.3719,21.0647,51.87,83,98,16.33
172,Zhigansk,RU,2021-05-26 19:44:59,66.7697,123.3711,51.82,66,100,5.19
173,Asau,RO,2021-05-26 19:44:59,46.4333,26.4,58.28,95,89,0.89
174,Qaanaaq,GL,2021-05-26 19:44:59,77.484,-69.3632,36.1,76,44,4.21
175,Mount Gambier,AU,2021-05-26 19:45:00,-37.8333,140.7667,49.91,93,75,6.91
176,Clyde River,CA,2021-05-26 19:40:56,70.4692,-68.5914,30.43,86,20,17.27
177,Blairmore,CA,2021-05-26 19:45:00,49.6,-114.4353,59.92,66,99,4.59
178,Tazovskiy,RU,2021-05-26 19:45:01,67.4667,78.7,25.29,90,46,4.97
179,Sioux Lookout,CA,2021-05-26 19:42:34,50.1001,-91.917,41.38,52,75,13.8
180,Kushima,JP,2021-05-26 19:45:01,31.4583,131.2333,75.83,93,100,14.67
181,Hof,DE,2021-05-26 19:45:02,50.3167,11.9167,50.92,84,100,15.01
182,Itoman,JP,2021-05-26 19:45:02,26.1247,127.6694,80.98,94,20,16.11
183,Mar Del Plata,AR,2021-05-26 19:42:26,-38.0023,-57.5575,64.42,55,0,17.27
184,Manokwari,ID,2021-05-26 19:45:02,-0.8667,134.0833,76.26,87,100,2.46
185,Flin Flon,CA,2021-05-26 19:45:03,54.7682,-101.865,40.84,38,1,4.12
186,Cukai,MY,2021-05-26 19:45:04,4.25,103.4167,80.74,91,100,3.38
187,Moranbah,AU,2021-05-26 19:45:04,-22.0016,148.0466,57.56,79,0,1.88
188,Shubarshi,KZ,2021-05-26 19:45:05,48.5872,57.1869,78.35,36,73,16.4
189,Bogense,DK,2021-05-26 19:45:05,55.5669,10.0886,50.76,95,100,8.77
190,Vila Velha,BR,2021-05-26 19:43:23,-20.3297,-40.2925,78.75,77,20,5.01
191,Gushikawa,JP,2021-05-26 19:45:06,26.3544,127.8686,80.19,89,40,19.33
192,Coahuayana,MX,2021-05-26 19:45:07,18.7333,-103.6833,96.28,44,100,7.9
193,Novikovo,RU,2021-05-26 19:45:07,51.1537,37.8879,60.8,75,22,3.71
194,Victoria,HK,2021-05-26 19:41:38,22.2855,114.1577,85.32,86,62,1.99
195,Humaita,BR,2021-05-26 19:45:08,-7.5061,-63.0208,93.78,40,34,3.18
196,Vila Franca Do Campo,PT,2021-05-26 19:45:08,37.7167,-25.4333,63.01,88,100,11.86
197,Xiangxiang,CN,2021-05-26 19:45:09,27.7333,112.5333,68.09,95,100,2.48
198,Alice,US,2021-05-26 19:45:09,27.7523,-98.0697,91.31,64,75,13.8
199,Westport,US,2021-05-26 19:45:10,41.1415,-73.3579,92.01,73,1,1.01
200,Broome,US,2021-05-26 19:45:10,42.2506,-75.833,82.33,61,90,5.99
201,Tuktoyaktuk,CA,2021-05-26 19:45:10,69.4541,-133.0374,30.2,74,75,11.5
202,Ketchikan,US,2021-05-26 19:45:11,55.3422,-131.6461,48.67,81,90,4.61
203,Harper,LR,2021-05-26 19:45:11,4.375,-7.7169,80.11,84,32,9.48
204,Port Shepstone,ZA,2021-05-26 19:45:12,-30.7414,30.455,66.09,84,84,6.06
205,Verkhnyaya Sinyachikha,RU,2021-05-26 19:45:12,57.976,61.6673,48.58,86,95,7.74
206,Quelimane,MZ,2021-05-26 19:45:12,-17.8786,36.8883,67.95,77,20,1.99
207,Jalu,LY,2021-05-26 19:45:13,29.0331,21.5482,87.62,11,0,8.21
208,Ahipara,NZ,2021-05-26 19:45:13,-35.1667,173.1667,51.04,74,6,4.32
209,Te Karaka,NZ,2021-05-26 19:45:13,-38.4654,177.8679,48.85,96,72,2.13
210,Havelock,US,2021-05-26 19:45:14,34.8791,-76.9013,93.16,74,40,8.99
211,Chokurdakh,RU,2021-05-26 19:45:14,70.6333,147.9167,34.95,76,44,7.92
212,Maceio,BR,2021-05-26 19:45:14,-9.6658,-35.7353,81.84,69,40,9.95
213,Tabou,CI,2021-05-26 19:45:15,4.423,-7.3528,80.2,83,73,9.44
214,Cuenca,EC,2021-05-26 19:45:15,-2.8833,-78.9833,68.13,52,75,9.22
215,Ugoofaaru,MV,2021-05-26 19:45:16,5.6667,73.0,82.36,69,100,24.07
216,Saskylakh,RU,2021-05-26 19:44:03,71.9167,114.0833,36.93,96,100,8.01
217,Zyryanovsk,KZ,2021-05-26 19:45:16,49.7386,84.2719,61.21,68,0,2.06
218,Shelburne,CA,2021-05-26 19:45:17,44.0787,-80.2041,71.76,76,100,18.52
219,Bredasdorp,ZA,2021-05-26 19:45:17,-34.5322,20.0403,51.28,93,100,1.54
220,Mehamn,NO,2021-05-26 19:45:17,71.0357,27.8492,41.18,68,12,5.03
221,Altay,CN,2021-05-26 19:45:18,47.8667,88.1167,66.94,27,0,8.01
222,Upington,ZA,2021-05-26 19:45:18,-28.4478,21.2561,61.18,39,99,2.3
223,Faya,SA,2021-05-26 19:44:53,18.3851,42.4509,71.71,44,2,2.1
224,Saiha,IN,2021-05-26 19:45:19,22.4833,92.9667,68.54,90,15,3.44
225,Lamas,PE,2021-05-26 19:45:19,-6.4167,-76.5333,84.67,50,62,2.82
226,Masuguru,TZ,2021-05-26 19:45:19,-11.3667,38.4167,72.43,54,91,1.7
227,Trapani,IT,2021-05-26 19:45:20,37.8333,12.6667,66.27,77,0,6.38
228,Bloomington,US,2021-05-26 19:45:20,44.8408,-93.2983,66.06,49,20,8.99
229,Tepalcatepec,MX,2021-05-26 19:45:20,19.1833,-102.85,101.75,16,100,4.52
230,Kamenka,RU,2021-05-26 19:45:21,51.3223,42.7678,58.64,69,94,5.7
231,Veliki Preslav,BG,2021-05-26 19:45:21,43.1667,26.8167,56.3,90,94,4.56
232,Malino,PH,2021-05-26 19:45:21,15.1257,120.6727,82.85,89,75,1.5
233,Souillac,MU,2021-05-26 19:44:26,-20.5167,57.5167,73.78,94,75,4.72
234,Nome,US,2021-05-26 19:45:22,64.5011,-165.4064,64.47,21,1,12.66
235,Sondrio,IT,2021-05-26 19:45:22,46.169,9.8692,62.24,90,47,2.48
236,Leh,IN,2021-05-26 19:45:22,34.1667,77.5833,44.46,39,0,3.87
237,Longyearbyen,SJ,2021-05-26 19:45:23,78.2186,15.6401,35.44,75,75,14.97
238,Saint Anthony,US,2021-05-26 19:45:23,45.0205,-93.218,65.66,48,1,1.99
239,Qasigiannguit,GL,2021-05-26 19:45:23,68.8193,-51.1922,61.05,45,77,11.99
240,Mporokoso,ZM,2021-05-26 19:45:24,-9.3727,30.125,56.32,66,2,4.12
241,Acajutla,SV,2021-05-26 19:43:52,13.5928,-89.8275,97.14,65,100,5.91
242,Coihaique,CL,2021-05-26 19:45:24,-45.5752,-72.0662,51.75,54,90,10.36
243,Richards Bay,ZA,2021-05-26 19:45:25,-28.783,32.0377,64.63,92,4,4.12
244,Lida,BY,2021-05-26 19:45:25,53.8833,25.2997,49.46,83,84,7.49
245,San Quintin,MX,2021-05-26 19:43:51,30.4833,-115.95,68.16,64,99,12.08
246,Balkhash,KZ,2021-05-26 19:45:25,46.844,74.9804,74.26,29,34,7.61
247,Katsuura,JP,2021-05-26 19:45:26,35.1333,140.3,68.11,82,100,8.1
248,Namikupa,TZ,2021-05-26 19:45:26,-10.8333,39.6,64.29,96,19,1.88
249,Matay,EG,2021-05-26 19:45:27,28.419,30.7792,85.3,24,0,20.94
250,Jutai,BR,2021-05-26 19:45:27,-5.1833,-68.9,81.5,75,83,3.02
251,Alfafar,ES,2021-05-26 19:45:28,39.4167,-0.3833,67.98,71,20,3.0
252,Vredendal,ZA,2021-05-26 19:45:28,-31.6683,18.5012,62.33,40,100,1.07
253,Mokhsogollokh,RU,2021-05-26 19:44:34,61.4681,128.9203,50.76,63,100,2.51
254,Barranca,PE,2021-05-26 19:45:28,-10.75,-77.7667,69.01,79,23,7.78
255,Ballina,AU,2021-05-26 19:45:29,-28.8667,153.5667,58.96,87,15,8.05
256,Abyek,IR,2021-05-26 19:45:29,36.0667,50.55,58.66,67,0,4.52
257,Belfast,GB,2021-05-26 19:45:29,54.5833,-5.9333,55.99,65,75,8.05
258,Barahona,DO,2021-05-26 19:45:30,18.2085,-71.1008,91.22,58,20,17.27
259,Neiafu,TO,2021-05-26 19:45:30,-18.65,-173.9833,70.48,94,75,0.0
260,Puri,IN,2021-05-26 19:45:30,19.8,85.85,81.37,72,100,23.89
261,Bitkine,TD,2021-05-26 19:45:31,11.9801,18.2138,90.34,8,6,3.76
262,Tura,IN,2021-05-26 19:45:31,25.5198,90.2201,72.7,84,88,5.53
263,Lebu,CL,2021-05-26 19:45:32,-37.6167,-73.65,58.84,88,99,5.55
264,Saint George,US,2021-05-26 19:43:50,37.1041,-113.5841,93.67,12,1,1.99
265,Charlestown,AU,2021-05-26 19:45:32,-32.95,151.6667,52.41,77,0,1.99
266,Karratha,AU,2021-05-26 19:45:33,-20.7377,116.8463,71.82,55,6,15.99
267,Riwaka,NZ,2021-05-26 19:45:33,-41.0833,173.0,50.59,86,1,3.89
268,Beloha,MG,2021-05-26 19:45:33,-25.1667,45.05,64.9,91,0,6.91
269,Puerto Penasco,MX,2021-05-26 19:45:34,31.3167,-113.5333,78.91,60,64,10.0
270,Stawell,AU,2021-05-26 19:45:34,-37.05,142.7667,45.03,92,37,5.3
271,Aller,ES,2021-05-26 19:45:35,43.1187,-5.5839,64.06,95,42,2.1
272,Mlandizi,TZ,2021-05-26 19:45:36,-6.7,38.7333,75.45,94,29,2.15
273,Lakes Entrance,AU,2021-05-26 19:45:36,-37.8811,147.981,47.17,70,51,14.18
274,Arman,RU,2021-05-26 19:45:22,59.7,150.1667,41.43,84,100,3.13
275,Kruszwica,PL,2021-05-26 19:45:37,52.6756,18.3313,52.05,91,97,12.19
276,Kyren,RU,2021-05-26 19:45:37,51.6828,102.1408,38.89,86,10,1.81
277,Visby,SE,2021-05-26 19:45:38,57.6409,18.296,49.86,87,75,19.57
278,Hobart,AU,2021-05-26 19:45:38,-42.8794,147.3294,48.06,74,90,5.01
279,Cascais,PT,2021-05-26 19:43:10,38.6979,-9.4215,71.46,52,20,11.99
280,Porto Novo,BJ,2021-05-26 19:44:07,6.4965,2.6036,84.02,80,100,9.75
281,Singapore,SG,2021-05-26 19:42:35,1.2897,103.8501,82.35,88,75,7.58
282,Caloundra,AU,2021-05-26 19:45:39,-26.8,153.1333,61.05,95,11,5.55
283,Bull Savanna,JM,2021-05-26 19:45:39,17.8868,-77.5902,81.39,75,100,11.65
284,Zhezkazgan,KZ,2021-05-26 19:45:40,47.8043,67.7144,74.93,21,34,1.61
285,Port Augusta,AU,2021-05-26 19:45:40,-32.5,137.7667,44.71,81,0,1.92
286,Bocanda,CI,2021-05-26 19:45:41,7.0626,-4.4995,77.11,87,78,3.74
287,Port Elizabeth,ZA,2021-05-26 19:45:41,-33.918,25.5701,54.1,80,98,4.29
288,Morondava,MG,2021-05-26 19:45:41,-20.2833,44.2833,70.07,82,0,8.81
289,Parana,AR,2021-05-26 19:42:17,-31.732,-60.5238,66.09,62,51,1.77
290,Coxim,BR,2021-05-26 19:45:42,-18.5067,-54.76,86.41,54,32,2.84
291,Loknya,RU,2021-05-26 19:45:42,56.83,30.1467,47.05,91,40,5.19
292,Alofi,NU,2021-05-26 19:45:43,-19.0595,-169.9187,76.89,94,33,4.61
293,Albina,SR,2021-05-26 19:45:43,5.5,-54.05,78.94,94,95,3.94
294,Gwadar,PK,2021-05-26 19:46:59,25.1216,62.3254,88.05,68,11,10.07
295,Quatre Cocos,MU,2021-05-26 19:46:59,-20.2078,57.7625,73.51,87,12,6.42
296,Tual,ID,2021-05-26 19:45:10,-5.6667,132.75,81.37,75,100,25.12
297,Tabas,IR,2021-05-26 19:47:00,33.5959,56.9244,83.08,27,94,2.95
298,Pokrovsk,UA,2021-05-26 19:47:00,48.282,37.1758,63.54,66,99,4.63
299,Pareora,NZ,2021-05-26 19:47:01,-44.4871,171.2132,32.18,88,0,4.68
300,Iguape,BR,2021-05-26 19:45:08,-24.7081,-47.5553,65.97,70,60,4.94
301,Matagami,CA,2021-05-26 19:47:01,49.7502,-77.6328,55.51,71,90,16.35
302,Muskegon,US,2021-05-26 19:46:49,43.3,-86.1334,75.54,53,40,14.58
303,Basak,PH,2021-05-26 19:47:02,6.7274,124.1512,72.82,88,44,1.86
304,Nantucket,US,2021-05-26 19:47:02,41.2835,-70.0995,71.96,91,90,17.27
305,Esmeraldas,BR,2021-05-26 19:47:02,-19.7625,-44.3139,86.11,58,82,0.6
306,Greenwood,US,2021-05-26 19:47:03,34.1668,-82.1165,93.78,47,20,3.0
307,Novokruchininskiy,RU,2021-05-26 19:47:04,51.7833,113.7667,33.53,92,100,2.33
308,Ust-Nera,RU,2021-05-26 19:47:04,64.5667,143.2,44.2,70,74,4.88
309,Tiksi,RU,2021-05-26 19:47:05,71.6872,128.8694,32.68,96,71,1.54
310,Port Hedland,AU,2021-05-26 19:47:05,-20.3167,118.5667,69.85,40,68,9.22
311,Namatanai,PG,2021-05-26 19:47:06,-3.6667,152.4333,73.47,95,100,5.46
312,Umm Kaddadah,SD,2021-05-26 19:47:06,13.6017,26.6876,87.64,32,96,10.45
313,Polewali,ID,2021-05-26 19:47:07,-3.4324,119.3435,76.35,89,82,3.42
314,Narsaq,GL,2021-05-26 19:47:07,60.9167,-46.05,34.02,99,100,3.38
315,Sangar,RU,2021-05-26 19:47:07,63.9242,127.4739,47.79,90,100,8.03
316,Altamont,US,2021-05-26 19:47:08,42.2068,-121.7372,67.39,34,1,0.0
317,Baykit,RU,2021-05-26 19:47:08,61.67,96.37,29.35,97,45,1.5
318,Surt,LY,2021-05-26 19:47:09,31.2089,16.5887,71.38,71,97,7.05
319,Meadow Lake,US,2021-05-26 19:47:09,34.8014,-106.5436,86.77,7,100,11.45
320,Pangnirtung,CA,2021-05-26 19:45:57,66.1451,-65.7125,33.8,75,20,9.22
321,Kununurra,AU,2021-05-26 19:44:46,-15.7667,128.7333,76.98,50,100,8.05
322,Kenitra,MA,2021-05-26 19:44:05,34.261,-6.5802,69.73,67,100,7.56
323,Lahaina,US,2021-05-26 19:47:10,20.8783,-156.6825,83.95,84,7,5.93
324,Acapulco,MX,2021-05-26 19:46:04,16.8634,-99.8901,90.57,44,43,11.16
325,Saldanha,ZA,2021-05-26 19:47:10,-33.0117,17.9442,55.45,81,100,4.88
326,Meulaboh,ID,2021-05-26 19:47:11,4.1363,96.1285,79.03,86,100,16.51
327,Atocha,BO,2021-05-26 19:47:11,-20.9333,-66.2333,51.35,38,61,16.6
328,Adilpur,PK,2021-05-26 19:47:11,27.937,69.3187,91.29,9,0,7.0
329,Fuzhou,CN,2021-05-26 19:47:12,26.0614,119.3061,78.69,97,100,2.15
330,Nizwa,OM,2021-05-26 19:47:12,22.9333,57.5333,92.86,14,0,3.51
331,Bhanpura,IN,2021-05-26 19:47:13,24.513,75.7469,90.63,41,65,17.69
332,Kaitangata,NZ,2021-05-26 19:47:13,-46.2817,169.8464,34.5,73,53,4.74
333,Palmer,US,2021-05-26 19:44:52,42.1584,-72.3287,91.62,47,20,8.99
334,Aklavik,CA,2021-05-26 19:47:14,68.2191,-135.0107,34.52,69,90,10.36
335,Ancud,CL,2021-05-26 19:44:07,-41.8697,-73.8203,57.42,97,100,20.02
336,Puerto Maldonado,PE,2021-05-26 19:47:14,-12.6,-69.1833,86.4,54,20,3.44
337,Voyvozh,RU,2021-05-26 19:47:14,62.892,54.9635,33.76,62,17,4.52
338,Urdoma,RU,2021-05-26 19:47:15,61.7533,48.5442,36.52,69,84,1.19
339,Siedlce,PL,2021-05-26 19:47:15,52.1677,22.2901,57.56,79,99,7.11
340,Kisanga,TZ,2021-05-26 19:47:16,-7.4362,37.7034,72.18,64,77,0.74
341,Pacific Grove,US,2021-05-26 19:47:16,36.6177,-121.9166,81.61,77,1,1.99
342,Rawson,AR,2021-05-26 19:47:17,-43.3002,-65.1023,55.04,55,100,14.0
343,Lubango,AO,2021-05-26 19:47:17,-14.9172,13.4925,58.28,40,0,2.89
344,The Valley,AI,2021-05-26 19:47:18,18.217,-63.0578,85.86,65,75,16.11
345,Yueyang,CN,2021-05-26 19:47:18,29.3333,113.0919,65.5,96,99,5.82
346,Praia,CV,2021-05-26 19:44:01,14.9215,-23.5087,75.74,69,20,19.57
347,Amberley,US,2021-05-26 19:47:18,39.2048,-84.428,71.56,91,90,4.0
348,Alice Springs,AU,2021-05-26 19:47:19,-23.7,133.8833,36.95,81,19,9.73
349,Srednekolymsk,RU,2021-05-26 19:47:19,67.45,153.6833,50.86,55,83,15.14
350,Princeville,CA,2021-05-26 19:47:19,45.7668,-61.2985,83.62,56,1,13.22
351,Ixtapa,MX,2021-05-26 19:47:20,20.7,-105.2,83.43,61,1,10.36
352,Nyzhni Sirohozy,UA,2021-05-26 19:47:20,46.8484,34.3804,61.21,60,22,4.83
353,Shache,CN,2021-05-26 19:47:20,38.4167,77.2406,69.69,14,11,6.85
354,Pitimbu,BR,2021-05-26 19:47:21,-7.4706,-34.8086,82.99,75,7,15.05
355,Marawi,PH,2021-05-26 19:47:21,7.9986,124.2928,66.65,94,91,2.08
356,Brindisi,IT,2021-05-26 19:47:21,40.5833,17.6667,70.79,52,0,8.28
357,Rehoboth,NA,2021-05-26 19:47:22,-23.3167,17.0833,60.42,31,0,7.02
358,Primero De Enero,CU,2021-05-26 19:47:22,21.9469,-78.4283,85.86,60,98,13.65
359,Dabra,IN,2021-05-26 19:47:23,25.9,78.3333,91.9,17,96,5.17
360,Belaya Gora,RU,2021-05-26 19:47:23,68.5333,146.4167,49.32,61,33,16.55
361,Namibe,AO,2021-05-26 19:47:23,-15.1961,12.1522,74.61,74,0,1.3
362,Dunedin,NZ,2021-05-26 19:47:24,-45.8742,170.5036,46.8,42,3,15.01
363,Chaykovskaya,RU,2021-05-26 19:47:24,58.1279,55.5378,51.69,76,79,8.46
364,Oborniki,PL,2021-05-26 19:47:25,52.6474,16.8141,53.49,90,86,12.68
365,Mitsamiouli,KM,2021-05-26 19:47:25,-11.3847,43.2844,78.76,70,32,13.73
366,Tiznit,MA,2021-05-26 19:47:26,29.5833,-9.5,61.12,78,18,5.1
367,Bilibino,RU,2021-05-26 19:47:26,68.0546,166.4372,43.52,57,100,5.12
368,Kenora,CA,2021-05-26 19:47:26,49.8167,-94.4337,43.99,52,75,13.8
369,Teterow,DE,2021-05-26 19:47:26,53.7833,12.5667,51.85,94,75,8.05
370,Kavaratti,IN,2021-05-26 19:47:27,10.5669,72.642,83.48,74,100,17.18
371,Salalah,OM,2021-05-26 19:47:27,17.0151,54.0924,84.29,79,20,4.61
372,Pasni,PK,2021-05-26 19:47:28,25.2631,63.471,86.58,78,84,11.86
373,Dharchula,IN,2021-05-26 19:47:28,29.85,80.5333,68.31,49,4,5.91
374,Wang Saphung,TH,2021-05-26 19:47:29,17.301,101.7685,77.94,85,100,1.39
375,Sept-Iles,CA,2021-05-26 19:47:29,50.2001,-66.3821,45.25,96,90,5.99
376,Gazanjyk,TM,2021-05-26 19:47:29,39.2446,55.5154,70.36,71,77,18.68
377,Kulhudhuffushi,MV,2021-05-26 19:47:30,6.6221,73.07,81.52,80,100,25.1
378,Rio Cuarto,AR,2021-05-26 19:47:30,-33.1307,-64.3499,71.37,21,40,12.66
379,Ulladulla,AU,2021-05-26 19:47:31,-35.35,150.4667,49.87,75,0,5.46
380,Muros,ES,2021-05-26 19:43:52,42.7762,-9.0603,67.15,66,66,8.57
381,Warrnambool,AU,2021-05-26 19:47:31,-38.3833,142.4833,53.82,82,64,17.4
382,Awbari,LY,2021-05-26 19:47:32,26.5921,12.7805,93.0,10,10,10.18
383,Panzhihua,CN,2021-05-26 19:47:32,26.5851,101.7128,68.14,79,93,4.18
384,Sitka,US,2021-05-26 19:44:05,57.0531,-135.33,48.09,76,90,5.75
385,Puerto Madryn,AR,2021-05-26 19:47:32,-42.7692,-65.0385,57.02,52,100,15.75
386,Fatsa,TR,2021-05-26 19:47:33,41.0278,37.5014,62.4,89,8,4.54
387,Yining,CN,2021-05-26 19:47:33,29.0361,114.5636,65.73,96,85,1.97
388,Baghdad,IQ,2021-05-26 19:47:31,33.3406,44.4009,84.11,24,0,4.09
389,Saint-Augustin,CA,2021-05-26 19:47:34,51.226,-58.6502,44.11,88,100,9.15
390,Mackay,AU,2021-05-26 19:47:34,-21.15,149.2,60.04,94,0,6.91
391,Pisco,PE,2021-05-26 19:47:34,-13.7,-76.2167,68.05,83,20,8.05
392,Kloulklubed,PW,2021-05-26 19:47:35,7.0419,134.2556,75.7,74,96,10.42
393,Norman Wells,CA,2021-05-26 19:44:32,65.282,-126.8329,51.84,50,75,13.8
394,Zhanaozen,KZ,2021-05-26 19:47:35,43.3,52.8,71.35,60,100,16.75
395,Praia Da Vitoria,PT,2021-05-26 19:47:36,38.7333,-27.0667,62.85,63,40,17.22
396,Pamekasan,ID,2021-05-26 19:47:36,-7.1568,113.4746,80.33,79,98,11.03
397,Pop,UZ,2021-05-26 19:47:37,40.8736,71.1089,70.29,44,17,9.28
398,Evensk,RU,2021-05-26 19:47:37,61.95,159.2333,38.14,96,100,15.39
399,Basoko,CD,2021-05-26 19:47:38,1.2391,23.616,77.27,72,86,2.26
400,Rochelle,FR,2021-05-26 19:47:38,46.25,-1.0,56.32,76,75,7.25
401,Newport,GB,2021-05-26 19:43:40,51.5877,-2.9984,57.85,78,47,5.68
402,Sinnamary,GF,2021-05-26 19:47:39,5.3833,-52.95,80.26,83,100,9.31
403,Nchelenge,ZM,2021-05-26 19:47:39,-9.3451,28.734,64.31,64,0,8.19
404,Kahului,US,2021-05-26 19:46:15,20.8947,-156.47,82.98,75,40,14.97
405,Gao,ML,2021-05-26 19:47:40,16.6362,1.637,96.1,4,100,12.12
406,Wainwright,CA,2021-05-26 19:47:40,52.839,-110.8572,53.51,47,25,14.0
407,Kavieng,PG,2021-05-26 19:47:41,-2.5744,150.7967,79.72,86,100,10.02
408,Tacuarembo,UY,2021-05-26 19:47:41,-31.7333,-55.9833,63.88,61,3,6.89
409,Boueni,YT,2021-05-26 19:47:41,-12.9025,45.0761,78.78,67,0,14.23
410,Gibsons,CA,2021-05-26 19:46:41,49.3997,-123.5027,59.81,79,100,8.88
411,Lincoln,US,2021-05-26 19:47:18,40.8,-96.667,84.11,34,1,11.5
412,Nichinan,JP,2021-05-26 19:47:42,31.6,131.3667,72.25,94,100,14.34
413,College,US,2021-05-26 19:47:42,64.8569,-147.8028,61.66,39,75,3.44
414,La Palma,US,2021-05-26 19:47:42,33.8464,-118.0467,92.12,65,20,7.0
415,Lohne,DE,2021-05-26 19:47:43,52.6667,8.2333,52.45,87,100,5.01
416,Cerano,MX,2021-05-26 19:47:43,20.1167,-101.3833,89.33,16,95,9.04
417,Gamba,GA,2021-05-26 19:47:43,-2.65,10.0,77.09,92,97,5.21
418,Caconda,AO,2021-05-26 19:47:44,-13.7333,15.0667,57.25,44,0,0.54
419,Blythe,US,2021-05-26 19:47:44,33.6103,-114.5964,97.03,11,1,10.16
420,Te Anau,NZ,2021-05-26 19:47:44,-45.4167,167.7167,40.24,91,100,3.47
421,Padang,ID,2021-05-26 19:47:45,-0.9492,100.3543,79.36,87,100,5.41
422,Isangel,VU,2021-05-26 19:47:45,-19.55,169.2667,71.71,76,19,8.19
423,Esso,RU,2021-05-26 19:47:46,55.9333,158.7,33.06,90,98,4.83
424,Batemans Bay,AU,2021-05-26 19:47:46,-35.7167,150.1833,43.92,76,0,5.37
425,Rocha,UY,2021-05-26 19:47:47,-34.4833,-54.3333,57.74,72,35,11.01
426,Sakakah,SA,2021-05-26 19:47:47,29.9697,40.2064,90.97,14,0,5.53
427,San Juan,AR,2021-05-26 19:47:47,-31.5375,-68.5364,79.74,16,0,4.92
428,Yeppoon,AU,2021-05-26 19:47:48,-23.1333,150.7333,51.58,86,0,5.48
429,Kabalo,CD,2021-05-26 19:47:48,-6.05,26.9167,72.5,56,1,4.56
430,Firminopolis,BR,2021-05-26 19:47:48,-16.5819,-50.305,85.96,39,24,4.12
431,Qixia,CN,2021-05-26 19:47:49,37.2975,120.8256,61.84,82,2,4.0
432,Bulungu,CD,2021-05-26 19:47:49,-4.55,18.6,72.73,55,65,1.5
433,Ishigaki,JP,2021-05-26 19:47:50,24.3448,124.1572,83.08,84,95,18.97
434,Sola,VU,2021-05-26 19:47:50,-13.8833,167.55,76.51,62,14,14.54
435,Imbituba,BR,2021-05-26 19:47:50,-28.24,-48.6703,67.89,69,0,3.22
436,Saint-Pierre,RE,2021-05-26 19:47:51,-21.3393,55.4781,71.28,88,90,3.44
437,Huanren,CN,2021-05-26 19:47:51,41.2647,125.3667,44.6,98,100,3.22
438,Mae Sai,TH,2021-05-26 19:47:52,20.4335,99.8762,76.32,95,90,1.68
439,Hervey Bay,AU,2021-05-26 19:47:52,-25.2986,152.8535,61.02,90,3,5.01
440,Yelizovo,RU,2021-05-26 19:47:52,53.1873,158.3805,39.34,100,90,4.47
441,Gallup,US,2021-05-26 19:47:53,35.5281,-108.7426,77.02,9,1,3.0
442,Todos Santos,MX,2021-05-26 19:47:53,23.45,-110.2167,100.0,41,33,12.33
443,Hami,CN,2021-05-26 19:47:54,42.8,93.45,76.77,14,0,9.06
444,Kendari,ID,2021-05-26 19:47:54,-3.945,122.4989,75.36,94,88,1.28
445,Tomatlan,MX,2021-05-26 19:47:54,19.9333,-105.25,91.15,45,7,13.22
446,Chebenki,RU,2021-05-26 19:47:55,51.9337,55.7077,64.15,50,29,15.68
447,Kozhva,RU,2021-05-26 19:47:55,65.1073,57.0459,38.32,49,100,6.08
448,Nordby,DK,2021-05-26 19:47:56,55.446,8.3979,51.04,91,75,1.01
449,Chara,RU,2021-05-26 19:47:56,56.9064,118.2631,42.33,87,100,3.65
450,Carutapera,BR,2021-05-26 19:47:56,-1.195,-46.02,80.67,84,24,7.9
451,San Carlos De Bariloche,AR,2021-05-26 19:45:51,-41.1456,-71.3082,55.15,67,75,9.26
452,Dois Corregos,BR,2021-05-26 19:47:57,-22.3661,-48.3803,81.75,45,40,2.26
453,Ferrol,ES,2021-05-26 19:47:57,43.4832,-8.2369,64.65,78,66,8.52
454,Forbes,AU,2021-05-26 19:47:57,-33.3833,148.0167,40.91,82,1,5.39
455,Bilma,NE,2021-05-26 19:47:58,18.6853,12.9164,90.66,6,0,3.65
456,Beira,MZ,2021-05-26 19:47:59,-19.8436,34.8389,68.09,82,20,6.6
457,Englehart,CA,2021-05-26 19:47:59,47.8169,-79.8664,72.16,43,90,20.38
458,Bo Phloi,TH,2021-05-26 19:47:59,14.3236,99.5161,77.85,84,100,4.09
459,Batagay,RU,2021-05-26 19:48:00,67.6333,134.6333,51.24,55,9,7.11
460,Khuzhir,RU,2021-05-26 19:48:00,53.1939,107.3397,39.49,81,82,7.7
461,Santa Rosa,PH,2021-05-26 19:48:00,14.3122,121.1114,84.18,77,98,4.61
462,Makakilo City,US,2021-05-26 19:48:01,21.3469,-158.0858,82.62,59,40,6.91
463,Biskamzha,RU,2021-05-26 19:48:01,53.4497,89.5272,51.58,96,8,0.85
464,Chernyshevskiy,RU,2021-05-26 19:48:02,63.0128,112.4714,41.34,78,94,4.34
465,Marsa Matruh,EG,2021-05-26 19:48:02,31.3525,27.2453,82.6,34,0,11.5
466,Valleyview,CA,2021-05-26 19:48:02,55.0667,-117.2859,60.84,39,100,3.44
467,Ostrovnoy,RU,2021-05-26 19:48:03,68.0531,39.5131,35.87,73,27,0.49
468,Timra,SE,2021-05-26 19:48:03,62.487,17.3257,53.31,58,0,10.36
469,Rock Springs,US,2021-05-26 19:45:38,41.5875,-109.2029,64.24,39,75,5.01
470,Bealanana,MG,2021-05-26 19:48:04,-14.55,48.7333,56.43,78,0,0.69
471,Young,UY,2021-05-26 19:48:05,-32.6833,-57.6333,67.23,69,76,8.16
472,Tharad,IN,2021-05-26 19:48:05,24.3961,71.6267,86.95,71,54,17.83
473,Huoqiu,CN,2021-05-26 19:48:05,32.3394,116.2694,63.88,89,94,8.08
474,Lompoc,US,2021-05-26 19:47:12,34.6391,-120.4579,76.78,74,40,12.66
475,Nouakchott,MR,2021-05-26 19:48:06,18.0858,-15.9785,71.53,70,2,17.07
476,Amapa,BR,2021-05-26 19:44:10,1.0,-52.0,81.77,82,54,2.62
477,Dromolaxia,CY,2021-05-26 19:48:06,34.8761,33.586,74.44,74,0,5.75
478,Phalodi,IN,2021-05-26 19:48:07,27.1333,72.3667,92.44,39,9,21.3
479,Tezu,IN,2021-05-26 19:48:07,27.9167,96.1667,75.79,98,100,3.74
480,Khani,GE,2021-05-26 19:48:07,41.9563,42.9566,53.17,91,32,4.34
481,Kozmodemyansk,RU,2021-05-26 19:48:08,56.3367,46.5711,52.63,87,1,6.87
482,Petropavlovsk-Kamchatskiy,RU,2021-05-26 19:48:08,53.0452,158.6483,37.99,100,90,5.14
483,Svetlaya,RU,2021-05-26 19:48:08,46.5389,138.3297,42.6,88,100,3.11
484,Komyshany,UA,2021-05-26 19:48:09,46.6372,32.5072,62.94,88,0,4.0
485,Xuddur,SO,2021-05-26 19:48:09,4.1213,43.8894,72.43,77,70,14.16
486,Milos,GR,2021-05-26 19:48:09,36.75,24.4333,68.72,69,0,2.04
487,San Borja,BO,2021-05-26 19:48:10,-14.8167,-66.85,84.83,55,74,4.0
488,Hualmay,PE,2021-05-26 19:48:10,-11.0964,-77.6139,70.3,77,13,7.9
489,Gifford,US,2021-05-26 19:48:11,27.6753,-80.4092,88.05,61,1,11.5
490,Bathsheba,BB,2021-05-26 19:48:11,13.2167,-59.5167,84.81,65,75,17.81
491,Egvekinot,RU,2021-05-26 19:48:12,66.3167,-179.1667,36.55,51,26,13.94
492,Kurchum,KZ,2021-05-26 19:48:12,48.5722,83.6542,67.66,48,0,5.95
493,Krasnouralsk,RU,2021-05-26 19:48:13,58.3638,60.0407,47.79,81,92,7.27
494,Roald,NO,2021-05-26 19:45:16,62.5833,6.1333,65.32,82,0,20.71
495,Fukue,JP,2021-05-26 19:48:14,32.6881,128.8419,70.29,97,100,23.22
496,Maarianhamina,AX,2021-05-26 19:48:14,60.0973,19.9348,46.26,93,90,12.66
497,Gilbues,BR,2021-05-26 19:48:14,-9.8317,-45.3439,85.48,31,0,4.36
498,Guerrero Negro,MX,2021-05-26 19:48:15,27.9769,-114.0611,74.93,42,49,12.5
499,Lakatoro,VU,2021-05-26 19:48:15,-16.0999,167.4164,71.71,65,40,5.35
500,Avera,US,2021-05-26 19:44:44,33.194,-82.5271,94.87,28,42,10.8
501,Hamilton,US,2021-05-26 19:45:10,39.1834,-84.5333,72.21,94,90,3.0
502,Stokmarknes,NO,2021-05-26 19:48:16,68.5646,14.9108,49.96,76,17,8.95
503,Tanete,ID,2021-05-26 19:48:16,-3.9443,119.7848,76.12,93,90,5.46
504,Alamos,MX,2021-05-26 19:48:16,27.0167,-108.9333,94.71,8,32,8.43
505,Buala,SB,2021-05-26 19:48:17,-8.145,159.5921,80.01,81,100,12.8
506,Jibuti,DJ,2021-05-26 19:48:17,11.5,42.5,83.62,57,68,11.74
507,Sterling,US,2021-05-26 19:48:17,39.0062,-77.4286,95.05,45,20,6.91
508,Urubicha,BO,2021-05-26 19:48:18,-15.3833,-62.95,87.82,45,74,3.58
509,Puerto Gaitan,CO,2021-05-26 19:48:18,4.3133,-72.0816,81.0,76,82,3.24
510,Bukachacha,RU,2021-05-26 19:48:18,52.9833,116.9167,39.52,84,100,2.93
511,Sayat,TM,2021-05-26 19:48:19,38.7839,63.8803,82.27,11,75,7.9
512,Beringovskiy,RU,2021-05-26 19:44:31,63.05,179.3167,33.28,88,97,12.28
513,Price,US,2021-05-26 19:48:19,39.5994,-110.8107,75.11,15,1,3.44
514,Deputatskiy,RU,2021-05-26 19:43:45,69.3,139.9,42.01,73,100,5.61
515,Sunbury,AU,2021-05-26 19:48:20,-37.5833,144.7333,51.55,84,40,1.99
516,Vanderhoof,CA,2021-05-26 19:45:05,54.0166,-124.0198,53.04,66,100,4.63
517,Abnub,EG,2021-05-26 19:48:20,27.2696,31.1511,95.22,14,0,10.29
518,Boppard,DE,2021-05-26 19:48:20,50.2308,7.5899,52.23,96,10,5.55
519,Hue,VN,2021-05-26 19:48:21,16.4667,107.6,80.71,83,20,3.2
520,Atar,MR,2021-05-26 19:48:21,20.5169,-13.0499,93.96,13,0,9.86
521,Ilulissat,GL,2021-05-26 19:48:21,69.2167,-51.1,60.82,31,75,13.8
522,Sao Filipe,CV,2021-05-26 19:48:22,14.8961,-24.4956,75.29,75,0,8.81
523,Launceston,AU,2021-05-26 19:48:22,-41.45,147.1667,48.79,94,75,1.99
524,Juba,SS,2021-05-26 19:44:18,4.8517,31.5825,71.87,89,100,5.41
525,Pulandian,CN,2021-05-26 19:48:22,39.3953,121.9669,55.53,82,0,9.28
526,Merke,KZ,2021-05-26 19:48:23,42.8728,73.1786,64.36,58,58,7.63
527,Alekseyevka,RU,2021-05-26 19:48:23,50.6309,38.6903,61.45,59,97,2.19
528,San Jeronimo,PE,2021-05-26 19:48:24,-11.9472,-75.2829,59.9,46,87,6.15
529,Elkhart,US,2021-05-26 19:44:39,41.5823,-85.8344,77.36,64,20,16.11
530,Chaohu,CN,2021-05-26 19:48:24,31.6,117.8667,68.04,94,72,5.79
531,Wellington,NZ,2021-05-26 19:48:25,-41.2866,174.7756,42.46,93,0,6.91
532,Toppenish,US,2021-05-26 19:48:25,46.3774,-120.3087,72.72,42,32,2.01
533,Pytalovo,RU,2021-05-26 19:48:25,57.0679,27.9138,47.8,92,96,6.73
534,Yulara,AU,2021-05-26 19:48:26,-25.2406,130.9889,44.44,70,0,8.05
535,Benguela,AO,2021-05-26 19:48:26,-12.5763,13.4055,75.83,76,5,3.76
536,Aksu,CN,2021-05-26 19:48:26,41.1231,80.2644,71.98,16,99,1.23
537,Korla,CN,2021-05-26 19:45:04,41.7597,86.1469,77.45,12,94,9.06
538,Pangody,RU,2021-05-26 19:48:27,65.85,74.4859,38.25,53,96,10.36
539,Kozova,UA,2021-05-26 19:48:27,49.4354,25.1509,52.61,88,4,6.04
540,Soligalich,RU,2021-05-26 19:48:28,59.0778,42.2864,45.86,73,98,7.87
541,Bonavista,CA,2021-05-26 19:48:28,48.6499,-53.1147,48.2,90,100,10.8
542,Taoudenni,ML,2021-05-26 19:45:00,22.6783,-3.9836,97.81,18,100,5.5
543,Dudinka,RU,2021-05-26 19:48:28,69.4058,86.1778,8.76,100,87,0.49
544,Maniitsoq,GL,2021-05-26 19:48:29,65.4167,-52.9,44.37,72,100,11.81
545,Sao Jose Da Coroa Grande,BR,2021-05-26 19:48:29,-8.8978,-35.1478,78.01,77,23,10.8
546,Satkhira,BD,2021-05-26 19:48:30,22.7167,89.1,80.6,73,100,20.15
547,Thinadhoo,MV,2021-05-26 19:46:01,0.5333,72.9333,84.42,69,100,21.14
548,Talnakh,RU,2021-05-26 19:48:30,69.4865,88.3972,13.8,96,44,2.71
549,Russell,US,2021-05-26 19:48:30,32.3502,-85.1999,91.15,39,40,9.15
550,Carmen,MX,2021-05-26 19:48:31,18.6333,-91.8333,88.27,61,81,9.24
551,Corner Brook,CA,2021-05-26 19:45:05,48.9667,-57.9484,59.16,88,100,4.65
552,Aloleng,PH,2021-05-26 19:48:31,16.1307,119.7824,82.63,78,100,4.23
553,Pochutla,MX,2021-05-26 19:46:09,15.7432,-96.4661,93.81,44,90,8.08
554,Kade,DE,2021-05-26 19:48:32,52.3833,12.2667,53.17,95,82,8.3
555,Karaton,ID,2021-05-26 19:48:33,-6.3424,106.1045,81.95,93,99,3.33
556,Malartic,CA,2021-05-26 19:48:33,48.1335,-78.1328,73.51,67,89,18.16
557,Tinaquillo,VE,2021-05-26 19:48:33,9.9186,-68.3047,89.67,44,32,4.99
558,Tanout,NE,2021-05-26 19:48:34,14.9709,8.8879,88.34,7,0,7.65
559,Bonthe,SL,2021-05-26 19:48:34,7.5264,-12.505,81.61,79,21,7.27
560,Udupi,IN,2021-05-26 19:48:34,13.35,74.75,76.24,78,100,6.22
561,Waingapu,ID,2021-05-26 19:48:35,-9.6567,120.2641,77.67,88,63,12.88
